ENT_MODEL_EXCUTION__NAME,MET_DA_MODEL_TIMING
invocations,6.880624055862427
models,6.431507110595703
test_executions,6.429898023605347
snapshot_executions,6.427777051925659
sources,6.42038893699646
